{
  "providers": [
    {
      "type": "reference",
      "id": "minecraft:include/space"
    },
    {
      "type": "bitmap",
      "file": "minecraft:font/rankadmin.png",
      "height": 9,
      "ascent": 8,
      "chars": ["\uE001"]
    },
    {
      "type": "bitmap",
      "file": "minecraft:font/rankmod.png",
      "height": 9,
      "ascent": 8,
      "chars": ["\uE003"]
    },
    {
      "type": "bitmap",
      "file": "minecraft:font/rankspieler.png",
      "height": 9,
      "ascent": 8,
      "chars": ["\uE002"]
    }
  ]
}