{
  "providers": [
    {
      "type": "reference",
      "id": "minecraft:include/space"
    },
    {
      "type": "bitmap",
      "file": "minecraft:font/rankadmin.png",
      "height": 9,
      "ascent": 8,
      "chars": ["\ua000"]
    },
    {
      "type": "bitmap",
      "file": "minecraft:font/rankmod.png",
      "height": 9,
      "ascent": 8,
      "chars": ["\ua001"]
    },
    {
      "type": "bitmap",
      "file": "minecraft:font/rankspieler.png",
      "height": 9,
      "ascent": 8,
      "chars": ["\ua002"]
    }
  ]
}