{
  "providers": [
    {
      "type": "reference",
      "id": "minecraft:include/space"
    },
    {
      "type": "bitmap",
      "file": "minecraft:font/rankadmin.png",
      "height": 9,
      "ascent": 8,
      "chars": [":rankadmin:"]
    },
    {
      "type": "bitmap",
      "file": "minecraft:font/rankmod.png",
      "height": 9,
      "ascent": 8,
      "chars": [":rankmod:"]
    },
    {
      "type": "bitmap",
      "file": "minecraft:font/rankspieler.png",
      "height": 9,
      "ascent": 8,
      "chars": [":rankdefault:"]
    }
  ]
}