{
  "providers": [
    {
      "type": "reference",
      "id": "minecraft:include/space"
    },
    {
      "type": "bitmap",
      "file": "minecraft:font/rank_admin.png",
      "height": 9,
      "ascent": 8,
      "chars": ["\uE001"]
    },
    {
      "type": "bitmap",
      "file": "minecraft:font/rank_srdev.png",
      "height": 9,
      "ascent": 8,
      "chars": ["\uE002"]
    },
    {
      "type": "bitmap",
      "file": "minecraft:font/rank_dev.png",
      "height": 9,
      "ascent": 8,
      "chars": ["\uE003"]
    },
    {
      "type": "bitmap",
      "file": "minecraft:font/rank_jrdev.png",
      "height": 9,
      "ascent": 8,
      "chars": ["\uE004"]
    },
    {
      "type": "bitmap",
      "file": "minecraft:font/rank_srmod.png",
      "height": 9,
      "ascent": 8,
      "chars": ["\uE005"]
    },
    {
      "type": "bitmap",
      "file": "minecraft:font/rank_mod.png",
      "height": 9,
      "ascent": 8,
      "chars": ["\uE006"]
    },
    {
      "type": "bitmap",
      "file": "minecraft:font/rank_srsupporter.png",
      "height": 9,
      "ascent": 8,
      "chars": ["\uE007"]
    },
    {
      "type": "bitmap",
      "file": "minecraft:font/rank_supporter.png",
      "height": 9,
      "ascent": 8,
      "chars": ["\uE008"]
    },
    {
      "type": "bitmap",
      "file": "minecraft:font/rank_jrsupporter.png",
      "height": 9,
      "ascent": 8,
      "chars": ["\uE009"]
    },
    {
      "type": "bitmap",
      "file": "minecraft:font/rank_spieler.png",
      "height": 9,
      "ascent": 8,
      "chars": ["\uE010"]
    }
  ]
}